2020.01.01 20:45,한국야구,경향신문,삼성 라이온즈 허삼영 감독 “이길 수만 있다면 스퀴즈 번트...
2020.01.01 18:00,한국야구,부산일보,롯데 자이언츠의 부활  고액 연봉 ‘3인방’ 방망이에 달렸다
2020.01.01 17:42,한국야구,OSEN,2020년 도쿄 금빛 야구 젊은 피의 활약에 기대한다 ...
2020.01.01 17:37,한국야구,스타뉴스,KT 투수 고과 1위는 71경기 주권 내부 공헌도 ...
2020.01.01 17:36,한국야구,MK스포츠 ,2020시즌도 투고타저…‘홈런 40개’ 때릴 거포 누가 있나
2020.01.01 16:35,한국야구,오마이뉴스,풀카운트 믿음의 야구 김경문호 베이징 신화 재현할까
2020.01.01 16:31,한국야구,스포츠조선,SC핫포커스4인 4색 KBO리그 새 사령탑 202...
2020.01.01 16:28,한국야구,오마이뉴스,하얀 쥐의 해 서른일곱 맞은 LG 송은범의 활약 기대되네
2020.01.01 16:13,한국야구,머니S,건설업자 폭행한 전직 프로야구 선수 입건
2020.01.01 16:03,한국야구,스포츠경향,스경X인터뷰 삼성 허삼영 감독 “현장경험 없는 것 맞다...
2020.01.01 16:00,한국야구,스포티비뉴스,승리 요건 바꾸자…美언론 새 기준 제안
2020.01.01 15:35,한국야구,스포츠서울,여자야구 에이스 김라경의 또다른 바람…아이유씨 만나...
2020.01.01 15:22,한국야구,OSEN,‘도합 우승 7회’ 삼성과 두산의 왕조로 기억될 2010년...
2020.01.01 15:22,한국야구,매일신문,신년인터뷰 허삼영 삼성 감독 푸른 피 자긍심 절...
2020.01.01 15:08,한국야구,엑스포츠뉴스,해 넘긴 한화 내부 FA 계약 합리적 선택 위해 신중하게
2020.01.01 15:02,한국야구,스포츠월드,SW버킷리스트10승 투수 배제성의 베스트 드라이버
2020.01.01 14:00,한국야구,스포티비뉴스,새해 여는 선행… 이지영 5일 유기동물 돕기 일일카페
2020.01.01 13:23,한국야구,OSEN,‘하얀 쥐의 해’ 2020년을 빛낼 쥐띠 스타들은 오...
2020.01.01 13:15,한국야구,스포츠조선,정우람 오승환 컴백 2020년에도 KBO대표 마무리 지킬까
2020.01.01 12:11,한국야구,MK스포츠 ,‘해 넘긴’ 전준우·김선빈·안치홍…준척급 FA 협상 스캠...
2020.01.01 11:57,한국야구,뉴스1,복귀 오승환 쇼케이스 양현종·김하성…2020년 주...
2020.01.01 11:23,한국야구,OSEN,‘색깔찾기’ 새 얼굴  생존 계약 만료 2020 감...
2020.01.01 11:20,한국야구,스포티비뉴스,안방마님 2년차 박세혁 바뀐 원투펀치 내가 끌고가야
2020.01.01 11:00,한국야구,경향신문,“꼴찌여 잘 있거라…올해엔 울지 않으리”
2020.01.01 10:44,한국야구,스포츠조선,3명 출전 외인규정 유명무실해지는 현실 올해도 토종 ...
2020.01.01 10:30,한국야구,스포츠조선,투피치→포피치 돌아온 오승환 국내에서 안 던지던 구...
2020.01.01 10:07,한국야구,OSEN,올림픽  빅리그...대투수 양현종 2020 또 다른 도전...
2020.01.01 10:00,한국야구,스포츠조선,KT의 남은 고민은 1루 퍼즐 찾기 본격 경쟁 개봉 박두
2020.01.01 09:46,한국야구,SBS,확 바뀌는 2020년 프로야구 스프링캠프
2020.01.01 09:30,한국야구,스포츠경향,스경X인터뷰 한 자리서 만난 한화 정민철롯데 성민규 ...
2020.01.02 23:52,한국야구,윈터뉴스 코리아,LG 선발투수 후보 연예인 출신 여자친구와 다툼→일반인 폭행
2020.01.02 22:51,한국야구,스포츠동아,베테랑 오승환 김태균 2020시즌에 대기록 남길까
2020.01.02 22:00,한국야구,엠스플뉴스,인포그래픽 마감 임박 김재환 포스팅 네 번째 무응...
2020.01.02 21:58,한국야구,KBS,‘정수빈 명품 다이빙 캐치’의 비결
2020.01.02 21:25,한국야구,데일리안,‘폭행 혐의’ LG트윈스 투수 징계 불가피
2020.01.02 20:48,한국야구,경향신문,“1년 동안 ‘FA 미아’ 보호해준 동의대에 한턱 썼습니다”
2020.01.02 20:21,한국야구,스포츠조선,폭행 혐의 LG 투수. KBO 사실이면 출장정지 징계불가피
2020.01.02 19:31,한국야구,서울신문,연초부터 폭행 사건… 바람 잘 날 없는 LG의 겨울
2020.01.02 19:28,한국야구,부산일보,롯데 FA 3인방 계약 결국 해넘겼다
2020.01.02 19:01,한국야구,스포츠조선,SC핫포커스MIA 관심→철수 김재환 빅리그行 남은...
2020.01.02 18:44,한국야구,부산일보,LG트윈스 선수 폭행 혐의로 입건…KBO 조사 결과에 ...
2020.01.02 18:22,한국야구,엠스플뉴스,엠스플 이슈 LG 트윈스 소속 A 선수 시민 폭행 혐...
2020.01.02 18:21,한국야구,스포티비뉴스,‘35억 여력’ 김광현의 선물… SK FA 시장 막차 참...
2020.01.02 18:11,한국야구,스포티비뉴스,시민 폭행 LG 선수 경찰 입건 구단KBO 징계 예정
2020.01.02 18:07,한국야구,헤럴드경제,LG트윈스 소속 야구선수 폭행 혐의로 입건
2020.01.02 18:06,한국야구,OSEN,‘소속 투수 시민 폭행’ LG “이번 주말 경찰 조사 후 ...
2020.01.02 18:04,한국야구,이데일리,현직 프로야구 선수 시민 폭행 혐의로 입건
2020.01.02 18:02,한국야구,MK스포츠 ,LG트윈스 “폭행혐의 B투수 주말 경찰 조사 후 입장 발표”
2020.01.02 18:02,한국야구,데일리안,LG트윈스 투수 시민 폭행 혐의로 입건
2020.01.02 18:01,한국야구,엑스포츠뉴스,LG 폭행 혐의 선수 주말 조사 예정…KBO 경위서...
2020.01.02 18:00,한국야구,스타뉴스,★비하인드 GG 받고도 삭감 로하스 그럴 이유 있었다
2020.01.02 18:00,한국야구,스포티비뉴스,인터뷰 2019년 잊자 하주석 1년 만에 16번 ...
2020.01.02 17:41,한국야구,스포츠동아,LG 소속 A투수 폭행 혐의 입건 구단 관계자 “정황 파...
2020.01.02 17:34,한국야구,뉴시스,LG트윈스 A 선수  폭행 혐의 사실…주말 경찰 조사 예정
2020.01.02 17:30,한국야구,동아일보,LG트윈스 선수 ‘시민 폭행’ 혐의 입건…구단 측 “파악 중”
2020.01.02 17:27,한국야구,STN 스포츠,LG 트윈스 A선수 주말에 조사 받을 예정…결과 보고 ...
2020.01.02 17:25,한국야구,스포츠월드,LG트윈스 “A투수 폭행 확인…주말에 경찰 조사 예정”
2020.01.02 17:18,한국야구,스포츠동아,용산 경찰서 “LG트윈스 A투수 폭행 혐의로 수사 중 실...
2020.01.02 17:17,한국야구,뉴스1,프로야구 LG 폭행선수 입건 관련 현재 경위 파악 중
2020.01.02 17:13,한국야구,MBN,LG트윈스 선수 여친과 다툼 도중 말리던 시민 폭행해 입건
2020.01.03 21:04,한국야구,경향신문,안녕 ‘오키나와’…이제는 ‘투손 리그’
2020.01.03 20:40,한국야구,스포츠조선,ML 포스팅 마감 임박 김재환 오퍼 받았어도 이적료가 변수
2020.01.03 20:00,한국야구,엠스플뉴스,질롱코리아 합류 강로한김민수 목표달성 가능할까
2020.01.03 19:15,한국야구,엠스플뉴스,엠스플 이슈 삼성 스프링캠프 ‘나홀로 일본행’…“계약...
2020.01.03 18:17,한국야구,OSEN,최강의 적 이정후 경계인물 이세  쇼다 도쿄라이벌...
2020.01.03 18:02,한국야구,OSEN,삼성 합류 특급신인 황동재 프로 무대에서 실력만이 살길...
2020.01.03 18:00,한국야구,스포티비뉴스,KIA·삼성·롯데·키움…초보 감독 새 리더십에 건 미래
2020.01.03 17:57,한국야구,조선일보,KBO LG트윈스 소속 시민 폭행 선수 경찰 조사 ...
2020.01.03 17:48,한국야구,엠스플뉴스,엠스플 이슈 사실상 하루 남은 김재환 포스팅 다음 도...
2020.01.03 17:30,한국야구,스포티비뉴스,화제의 단어 ‘프로세스’… 꼴찌 롯데의 분위기 반전 추진...
2020.01.03 17:30,한국야구,YTN,다가오는 마감시한...멀어지는 김재환의 ML행 꿈
2020.01.03 17:22,한국야구,뉴스1,절치부심 대대적 쇄신 KIA 2020년 프로야구에 새바...
2020.01.03 17:07,한국야구,스포츠경향,전력구상 남은 퍼즐 채워질 1월의 키워드 외인 FA ...
2020.01.03 16:56,한국야구,스타뉴스,사실상 D1 김재환 결국 두산 복귀 에이전트 마...
2020.01.03 16:41,한국야구,스포츠타임스,kt wiz 2020 재계약 대상 43명과 연봉 계약 마...
2020.01.03 16:40,한국야구,오마이뉴스,견제구 김주찬최형우나지완 KIA 베테랑의 미래는
2020.01.03 16:18,한국야구,스포츠경향,스프링캠프 ‘핫 플레이스’는 오키나와에서 플로리다로
2020.01.03 16:17,한국야구,중앙일보,이승엽과 박용택 사이...한화의 김태균 딜레마
2020.01.03 15:38,한국야구,이영미 칼럼,이영미 人터뷰 권오준 손시헌 이종욱 절친 3인방의 야...
2020.01.03 15:23,한국야구,오마이뉴스,진화하는 천재 강백호 2년 만에 연봉 2억 뚫었다
2020.01.03 15:18,한국야구,SBS,프로야구 kt 연봉협상 완료…이대은 1년 만에 연봉 3....
2020.01.03 15:02,한국야구,OSEN,하재훈  이대은 억억…이학주도 1억 돌파 오쎈 이슈
2020.01.03 14:57,한국야구,뉴스1,KBO 시민폭행 프로야구 LG 선수 경찰조사 후 징계 논의
2020.01.03 14:38,한국야구,스포츠타임스,SK B2B 마케팅 직무 관련 경력직 채용
2020.01.03 14:22,한국야구,스포츠서울,예비 FA 10명…역대급 유출 앞둔 두산 2020년이...
2020.01.03 14:10,한국야구,연합뉴스TV,프로야구 강백호 2억1000만원…kt 연봉 협상 마감
2020.01.03 14:10,한국야구,데일리안,‘이대은 최고 인상’ kt 2020 시즌 연봉 계약 마쳐
2020.01.03 14:04,한국야구,MBN,KT 연봉 계약 마무리... 이대은 1억 강백호 2억원대 진입
2020.01.03 14:01,한국야구,오마이뉴스,풀카운트 125억 포수 양의지 우승금메달 동시 사냥
2020.01.03 14:00,한국야구,스포츠월드,SK와이번스 B2B 마케팅 직무 관련 경력직 채용
2020.01.04 23:12,한국야구,마이데일리,충격 NC 2군 코치 경찰 폭행 혐의…구단 조사 결...
2020.01.04 22:24,한국야구,스포츠타임스,NC 2군 코치 A씨의 공무집행방해 혐의에 대해 사과.....
2020.01.04 21:06,한국야구,노컷뉴스,폭행으로 물든 야구계…선수 이어 코치도 물의
2020.01.04 21:03,한국야구,STN 스포츠,NC 2군 코치 경찰관 폭행...구단 조사결과에 따라 ...
2020.01.04 20:51,한국야구,뉴스1,NC 경찰 폭행 혐의 코치 조사 결과에 따라 계약 해지...
2020.01.04 20:40,한국야구,데일리안,NC 경찰 폭행 코치 KBO에 신고…해임 가능성
2020.01.04 20:23,한국야구,연합뉴스,NC 경찰 폭행 코치 KBO에 신고…조사 결과 따라...
2020.01.04 20:07,한국야구,MK스포츠 ,NC “공무집행방해 혐의 A 2군 코치 구단 차원서 사과...
2020.01.04 20:06,한국야구,뉴시스,NC 코치 경찰 폭행해 입건…조사 결과 따라 계약해지 ...
2020.01.04 20:03,한국야구,스타뉴스,NC 2군 코치 입건 확인 조사결과 따라 계약 해지 등...
2020.01.04 20:02,한국야구,OSEN,소속 코치 경찰관 폭행 NC 클린베이스볼센터 신고....
2020.01.04 20:00,한국야구,스포츠서울,정초부터 이어진 폭행사건 KBO 원아웃제 도입 고민해야
2020.01.04 20:00,한국야구,스포츠월드,NC 다이노스 경찰 폭행혐의 A코치 조사 결과 따라 계...
2020.01.04 20:00,한국야구,엑스포츠뉴스,NC 구단 2군 코치 입건 확인 조사 결과 따라 계약 ...
2020.01.04 19:42,한국야구,스포츠서울,NC 코치 A씨 가정폭력 이어 경찰관 폭행으로 불구속 입건
2020.01.04 19:03,한국야구,엑스포츠뉴스,NC 현역 코치 폭행 혐의 입건 구단 사실 관계 파악 중
2020.01.04 18:30,한국야구,뉴스1,NC 코치가 경찰 폭행…구단 입장 사실 관계 파악 중
2020.01.04 18:28,한국야구,스포츠경향,NC 코치 경찰관 폭행 혐의 입건…구단 “상황 파악 중”
2020.01.04 18:25,한국야구,OSEN,NC 소속 A 코치 인천에서 경찰관 폭행 혐의…구단 “사...
2020.01.04 18:18,한국야구,MK스포츠 ,NC다이노스 A코치 공무집행방해 혐의로 현행범 체포
2020.01.04 17:59,한국야구,스타뉴스,NC A 코치 경찰 폭행 혐의 사실 관계 파악 중
2020.01.04 17:56,한국야구,스포츠조선,소속 코치 경찰 폭행 혐의 입건 NC 구단 현재 상황...
2020.01.04 17:05,한국야구,스포츠월드,NC다이노스 경찰 폭행 혐의 A코치 사실관계 파악 중
2020.01.04 17:03,한국야구,OSEN,여론에 휩쓸리는 한국야구 군면제 효과 글쎄 日지한파 ...
2020.01.04 16:44,한국야구,스포츠서울,여론 의식이 왜 나쁜가…한국 대표팀 일본 타도 이유 또 생겼다
2020.01.04 15:51,한국야구,오마이뉴스,확실한 카드 계속되어야 할 두산과 페르난데스의 동행
2020.01.04 15:37,한국야구,스포츠조선,SC핫포커스ML 열풍 그림자 우리는 제 2의 류현진...
2020.01.04 15:11,한국야구,MBN,일본은 없다 불매운동이 바꾼 스프링캠프 지도
2020.01.04 15:00,한국야구,스포티비뉴스,인터뷰 쥐띠 스타 최원태 올해 KS에서는 1인...
2020.01.04 14:50,한국야구,오마이뉴스,특급 유망주 곽빈 제2의 이영하에 도전하다
2020.01.05 22:22,한국야구,스포츠타임스,삼성 2020 신인선수 오리엔테이션 진행
2020.01.05 22:17,한국야구,스포츠동아,김태균·이성열·윤규진의 FA 협상 지켜보는 한용덕 감독의 심경
2020.01.05 22:14,한국야구,스포츠동아,삼성 ‘아기사자’ 가족들과 신인선수 오리엔테이션
2020.01.05 22:12,한국야구,스포츠동아,포수 타격왕 양의지 2020년 캡틴 데뷔
2020.01.05 18:40,한국야구,스포츠타임스,키움 하영민 6일 사회복무요원으로 입소
2020.01.05 18:31,한국야구,문화일보,프로야구 N 올해 주장은 양의지
2020.01.05 18:02,한국야구,스포츠조선,SC핫포커스KIA FA 안치홍김선빈에게 계약조건 제...
2020.01.05 17:54,한국야구,스포츠동아,세밑·세초부터선수·코치 폭력사건 얼룩진 프로야구
2020.01.05 17:51,한국야구,스포츠동아,‘20홈런’ 타자 실종 LG와 KIA는 자존심 회복할 수...
2020.01.05 17:22,한국야구,OSEN,‘포스팅 무응찰→1년 후 스플릿 계약’ 김재환 황재균 사...
2020.01.05 17:20,한국야구,STN 스포츠,삼성 라이온즈의 아기사자들 프로선수로서 첫 발 내딛었다
2020.01.05 16:59,한국야구,마이데일리,죽기 살기로 할 것 삼성 2020 신인 오리엔테이션 진행
2020.01.05 16:42,한국야구,OSEN,허윤동 제일 잘 치는 강백호 선배와 맞붙고 싶다 오...
2020.01.05 16:38,한국야구,뉴스1,프로야구 NC 2020시즌 새 주장 양의지 선정…8일...
2020.01.05 16:38,한국야구,스포츠경향,스경X인터뷰 허문회 감독 “롯데 꼴찌 탈출 할 수 있...
2020.01.05 16:20,한국야구,MK스포츠 ,NC 2020시즌 주장으로 ‘안방마님’ 양의지
2020.01.05 16:13,한국야구,SBS,NC 새 시즌 주장은 안방마님 양의지
2020.01.05 16:12,한국야구,스포츠서울,양의지 NC 선수단 추천으로 2020시즌 캡틴 선정
2020.01.05 16:11,한국야구,MK스포츠 ,연락없는 ML…김재환 ‘황재균의 길’ 걸을까
2020.01.05 16:11,한국야구,스포츠경향,팬 신뢰 저버리는 프로야구의 도덕 불감증
2020.01.05 16:06,한국야구,서울신문,연초부터 연이은 폭행… 프로야구 위기 잊었나
2020.01.05 16:03,한국야구,스포티비뉴스,김강률·곽빈 복귀 준비…두산 파이어볼러 갈증 해소하나
2020.01.05 15:52,한국야구,한국일보,코치ㆍ선수 잇단 일탈… 새해부터 악재 터진 KBO
2020.01.05 15:26,한국야구,스포츠월드,SW포커스 별들의 축제 올해는 인천에서
2020.01.05 15:11,한국야구,연합뉴스,NC 안방마님 양의지 2020시즌 주장 맡았다
2020.01.05 14:56,한국야구,스포츠서울,삼성 2020 신인 오리엔테이션 진행
2020.01.05 14:51,한국야구,MK스포츠 ,삼성 4일 2020년 신인선수 오리엔테이션 진행
2020.01.05 14:49,한국야구,매일신문,삼성 구자욱 등번호 65번→5번으로 바꾼 이유는
2020.01.05 14:45,한국야구,오마이뉴스,풀카운트 러프 결별 삼성 FA로이드 이원석에 기대
2020.01.05 14:28,한국야구,스포츠경향,삼성 2020년 오리엔테이션 진행…황동재 삼성 선수된 ...
2020.01.06 22:15,한국야구,KBS,FA 안치홍 롯데로 이적…22년 최대 56억원
2020.01.06 22:14,한국야구,KBS,말단 직원 출신 감독 허삼영 ‘데이터 야구 원년 선언’
2020.01.06 21:15,한국야구,SBS,FA 안치홍 전격 롯데행…계약서엔 MLB 용어 잔뜩
2020.01.06 20:53,한국야구,경향신문,KIA의 선택 기다린 ‘2루수 안치홍’…롯데가 잡았다
2020.01.06 20:53,한국야구,경향신문,안치홍 “고향 같은 광주 떠나는 결정 힘들었지만 부산에서...
2020.01.06 20:53,한국야구,경향신문,꼴찌 한화·롯데 희망의 싹 베이스볼 라운지
2020.01.06 20:42,한국야구,MBC,김재환 MLB 진출 무산…두산 잔류 결정
2020.01.06 20:40,한국야구,MBC,깜짝 롯데행 안치홍 최대 4년 56억 계약
2020.01.06 20:32,한국야구,연합뉴스TV,프로야구 FA 내야수 안치홍 22 56억원에 롯데행
2020.01.06 20:29,한국야구,연합뉴스TV,프로야구 무위로 돌아간 김재환의 깜짝 도전
2020.01.06 20:06,한국야구,부산일보,안치홍 롯데와 22년 계약 눈길…바이아웃·옵트아웃·...
2020.01.06 19:30,한국야구,스포티비뉴스,안치홍 흘려보낸 SK 김강민연봉협상 내부 정리는 막바지
2020.01.06 19:19,한국야구,부산일보,FA 안치홍 영입하자 ‘구멍’ 롯데 내야 ‘춘추전국시대’
2020.01.06 19:02,한국야구,OSEN,초유의 롯데안치홍 옵트아웃 ‘상호 니즈’의 충족 지대 ...
2020.01.06 18:58,한국야구,스타뉴스,안치홍롯데 옵트아웃 FA 재취득 4년 뒤흔들 묘수 ...
2020.01.06 18:43,한국야구,이데일리,안치홍 자필편지로 인사...20년 약속 못지켜 가슴 아파
2020.01.06 18:30,한국야구,스포티비뉴스,“안치홍 이적 충격 있을 것” 허 찔린 KIA 보상선수...
2020.01.06 18:27,한국야구,OSEN,대한민국 최고 투수 목표 한화 슈퍼루키 신지후 키처럼...
2020.01.06 18:21,한국야구,머니S,퇴근길 안치홍 롯데행 센터라인 강화 마지막 퍼즐
2020.01.06 18:18,한국야구,스포츠타임스,키움 주축 선수 김하성ㆍ이정후와 2020시즌 연봉 계약 ...
2020.01.06 18:10,한국야구,뉴스1,안치홍 잡은 성민규 단장 타석에서 생산능력 엄청나 기대만발
2020.01.06 18:04,한국야구,MBN,롯데와 FA 계약 안치홍 자필 편지로 KIA 팬들에게 ...
2020.01.06 18:04,한국야구,엑스포츠뉴스,안치홍 이탈 김선빈 아직 KIA 내야 구상 어떻게 되나
2020.01.06 18:00,한국야구,스포티비뉴스,메이저리그는 33살 재수생 김재환을 눈여겨볼까
2020.01.06 17:45,한국야구,엑스포츠뉴스,거인 된 꼬마 안치홍 새롭게 도전 잠이 안 왔어
2020.01.06 17:44,한국야구,뉴스1,KIA→롯데 이적 FA 도입 이후 안치홍이 최초
2020.01.06 17:34,한국야구,스포츠경향,4년만에 포스팅 무산 김재환 존재감 확보에 의의
2020.01.06 17:33,한국야구,뉴스1,안치홍 롯데行 KIA팬들 10년 프랜차이즈를… 부글부글
